25986|25986|aanvraag|nl|Fleks|0|1|1434632055|1434632401|1|0|0|0|0
26013|26013|aanvraag|nl|ModusOne OTOD Brievenserver|5855|1|1435320451|1435320451|1|0|0|0|0
26185|26185|aanvraag|nl|GIIO ontwikkel en test servers (onder zelfde project aanmaken)|4015|1|1437658178|1439459225|1|0|0|0|0
26193|26193|aanvraag|nl|Abonnementen service|2340|1|1437664462|1439459179|1|0|0|0|0
26283|26283|aanvraag|nl|Wajong uitbreiding|4015|1|1439215096|1439215201|1|0|0|0|0
26302|26302|aanvraag|nl|BRP|8132|1|1439810507|1440747258|1|0|0|0|0
26307|26307|aanvraag|nl|Groot Onderhoud FLEKS|10940|1|1439907007|1440409037|1|0|0|0|0
26310|26310|aanvraag|nl|BRP Stabilisatie UPA|8132|1|1439976519|1440748706|1|0|0|0|0
26506|26506|aanvraag|nl|HGO OTOD|11455|1|1444052734|1446623721|1|0|0|0|0
26507|26507|aanvraag|nl|GrootOnderHoud PDI 2015|4829|1|1444052883|1444899611|1|0|0|0|0
26514|26514|aanvraag|nl|Fleks Ontwikkel|1|1|1444133778|1504780559|1|0|0|0|0
26595|26595|aanvraag|nl|B&B Windows 2008 Test Server|5855|1|1445872228|1446628265|1|0|0|0|0
26627|26627|aanvraag|nl|OTOD FLEKS LAB DWBB (AIX 6.1 server op OTOD Test gelijk aan server met ip 10.140.176.17)|5855|1|1446467034|1449570006|1|0|0|0|0
26728|26728|aanvraag|nl|MOI-SMBA ontwikkelomgeving|7180|1|1447776313|1452591071|1|0|0|0|0
26814|26814|aanvraag|nl|CGI migratie fase 1|1782|1|1448886193|1460624576|1|0|0|0|0
26916|26916|aanvraag|nl|CGI2OTOD|1782|1|1450703283|1461058800|1|0|0|0|0
26920|26920|aanvraag|nl|BRP|4015|1|1451379413|1453454091|1|0|0|0|0
27017|27017|aanvraag|nl|MOI-SMBA Reab Build Server|7180|1|1452699800|1454588499|1|0|0|0|0
27077|27077|aanvraag|nl|NVT|3455|1|1453903730|1455012987|1|0|0|0|0
27092|27092|aanvraag|nl|Upgrade TriplEforms 4.1|6811|1|1454321683|1456406243|1|0|0|0|0
27121|27121|aanvraag|nl|HI Postcode server|1782|1|1454658863|1455284502|1|0|0|0|0
27149|27149|aanvraag|nl|CGI2OTOD migratie|1782|1|1455097699|1455633921|1|0|0|0|0
27192|27192|aanvraag|nl|Upgrade van 10.140.178.14 naar win 2012|5855|1|1455619007|1457515850|1|0|0|0|0
27228|27228|aanvraag|nl|EPM UGC USA|3537|1|1456134730|1459956839|1|0|0|0|0
27229|27229|aanvraag|nl|MIV OTOD Ontwikkel Server|5855|1|1456134751|1457515736|1|0|0|0|0
27230|27230|aanvraag|nl|MIV OTOD Test Server|5855|1|1456135142|1458642456|1|0|0|0|0
27276|27276|aanvraag|nl|Groot Onderhoud|10940|1|1456999331|1458642415|1|0|0|0|0
27309|27309|aanvraag|nl|CGI migratie|1782|1|1458214770|1458814649|1|0|0|0|0
27443|27443|aanvraag|nl|GCU|9505|1|1460375706|1464773870|1|0|0|0|0
27464|27464|aanvraag|nl|WB Developer werkplek|1782|1|1461143698|1461324781|1|0|0|0|0
27479|27479|aanvraag|nl|AVB DVB|4015|1|1461582360|1462798833|1|0|0|0|0
27527|27527|aanvraag|nl|BIT|3455|1|1462879767|1462960807|1|0|0|0|0
27631|27631|aanvraag|nl|DWBB|10809|1|1465461101|1466161892|1|0|0|0|0
27647|27647|aanvraag|nl|Otod migratie K&S|1782|1|1465975908|1467805974|1|0|0|0|0
27828|27828|aanvraag|nl|PeopleSoft 9.2 Upgrade/Ontwikkel omgeving (GOH)|3043|1|1467802442|1473161429|1|0|0|0|0
27833|27833|aanvraag|nl|BIT|2729|1|1467883509|1470229756|1|0|0|0|0
27841|27841|aanvraag|nl|VDI werkplekken deel 2|1782|1|1467966116|1470915249|1|0|0|0|0
27854|27854|aanvraag|nl|OTOD migratie K&S O omgeving, tweede set servers|1782|1|1468226161|1470229731|1|0|0|0|0
27907|27907|aanvraag|nl|Support servers K&S omgeving|1782|1|1469105988|1470229794|1|0|0|0|0
27917|27917|aanvraag|nl|Oracle database tbv K&S apps|1782|1|1469172754|1478011403|1|0|0|0|0
28010|28010|aanvraag|nl|WBS TT1 omgeving|1782|1|1470056002|1470645315|1|0|0|0|0
28137|28137|aanvraag|nl|OTOD migratie K&S T omgeving, Tridion server|1782|1|1471416643|1473686095|1|0|0|0|0
28343|28343|aanvraag|nl|Werk.nl TO3|1782|1|1472200196|1478702685|1|0|0|0|0
28448|28448|aanvraag|nl|WBS TK|1782|1|1472730846|1473339300|1|0|0|0|0
28449|28449|aanvraag|nl|OTOD migratie K&S O omgeving, derde set servers 	|1782|1|1472731657|1477908976|1|0|0|0|0
28701|28701|aanvraag|nl|Qlikview|13825|1|1475508121|1476714610|1|0|0|0|0
28713|28713|aanvraag|nl|PeopleSoft 9.2 Upgrade/Ontwikkel/Test omgeving (GOH); uitbreiding op bestaand project|3043|1|1475829750|1478700430|1|0|0|0|0
28720|28720|aanvraag|nl|ModusOne Groot Onderhoud Server II|5855|1|1476175086|1478786327|1|0|0|0|0
28735|28735|aanvraag|nl|OMO POC tbv .NET|1782|1|1476278583|1477658771|1|0|0|0|0
28737|28737|aanvraag|nl|Elise 6.6|1782|1|1476348457|1477928611|1|0|0|0|0
28752|28752|aanvraag|nl|Een nieuwe testomgeving TSC (T7)|13777|1|1476698097|1478784481|1|0|0|0|0
28758|28758|aanvraag|nl|Confluence/Crucible server|1782|1|1476789764|1478709699|1|0|0|0|0
28961|28961|aanvraag|nl|VDI voor John Wolthuis|1782|1|1478512630|1478858111|1|0|0|0|0
29022|29022|aanvraag|nl|VDI werkplekken deel 3|1782|1|1479290524|1481561023|1|0|0|0|0
29068|29068|aanvraag|nl|PRTG server (server is al geleverd maar nu nog de formele aanrvaag...)|1782|1|1479894418|1479896808|1|0|0|0|0
29090|29090|aanvraag|nl|WBS TT2|1782|1|1480059907|1480084295|1|0|0|0|0
29103|29103|aanvraag|nl|OSB 12C|1782|1|1480324342|1480686290|1|0|0|0|0
29104|29104|aanvraag|nl|OBI EE|1782|1|1480324802|1481893472|1|0|0|0|0
29122|29122|aanvraag|nl|LIRA|205|1|1480422954|1481019530|1|0|0|0|0
29129|29129|aanvraag|nl|Elise 6.6 V2|1782|1|1480492602|1480937850|1|0|0|0|0
29156|29156|aanvraag|nl|WBS op RHEL|1782|1|1480665083|1480686371|1|0|0|0|0
29201|29201|aanvraag|nl|PeopleSoft 9.2 Upgrade/Ontwikkel/Test omgeving (GOH); uitbreiding op bestaand project|3043|1|1481183999|1481820101|1|0|0|0|0
29295|29295|aanvraag|nl|6 Nieuwe PWS'en|1782|1|1482134229|1484911717|1|0|0|0|0
29296|29296|aanvraag|nl|KVB T omgeving|1782|1|1482137478|1484912300|1|0|0|0|0
29329|29329|aanvraag|nl|PeopleSoft 9.2 Upgrade/Ontwikkel/Test omgeving (GOH); verwijderen 2 servers uit bestaand project|3043|1|1482235330|1483608255|1|0|0|0|0
29347|29347|aanvraag|nl|Sonar T1|1782|1|1482404522|1485253391|1|0|0|0|0
29373|29373|aanvraag|nl|HGO Groot Onderhoud|11455|1|1483527374|1484057724|1|0|0|0|0
29437|29437|aanvraag|nl|OID voor WBS|1782|1|1484034923|1484828519|1|0|0|0|0
29533|29533|aanvraag|nl|AIX server ter vanvangin gvan WBS server 10.140.176.216 |1782|1|1484830469|1485166511|1|0|0|0|0
29547|29547|aanvraag|nl|Virtualize|4015|1|1484905110|1484919840|1|0|0|0|0
29658|29658|aanvraag|nl|Sonar 2e straat|1782|1|1486035287|1486049868|1|0|0|0|0
29659|29659|aanvraag|nl|LIRA|7851|1|1486037943|1486128848|1|0|0|0|0
29661|29661|aanvraag|nl|Sonar 3e straat|1782|1|1486047479|1487159652|1|0|0|0|0
29737|29737|aanvraag|nl|Migratie Werk.nl portal naar .Net|1782|1|1486540181|1487159598|1|0|0|0|0
29745|29745|aanvraag|nl|LAS GOH|15984|1|1486558932|1487159535|1|0|0|0|0
29817|29817|aanvraag|nl|LIRA|7851|1|1487170735|1487841741|1|0|0|0|0
29830|29830|aanvraag|nl|IDM servers voor WBS|1782|1|1487236506|1488972201|1|0|0|0|0
29927|29927|aanvraag|nl|PeopleSoft 9.2 Upgrade/Ontwikkel/Test omgeving (GOH); uitbreiding op bestaand project|3043|1|1488290367|1488292702|1|0|0|0|0
29981|29981|aanvraag|nl|ASC Portal|1782|1|1488797151|1489065560|1|0|0|0|0
30124|30124|aanvraag|nl|Migratie Werk.nl portal naar .Net - OAM server|1782|1|1491310279|1492500587|1|0|0|0|0
30125|30125|aanvraag|nl|Selenium Framework|7058|1|1491397128|1493020249|1|0|0|0|0
30171|30171|aanvraag|nl|App server en Buildserver voor Transitie Werk.nl|1782|1|1491986102|1492516937|1|0|0|0|0
30249|30249|aanvraag|nl|Groot Onderhoud Polis 2017|7057|1|1493726285|1494484625|1|0|0|0|0
30255|30255|aanvraag|nl|Project Inleenadministratie en Quotumheffing|4476|1|1493806030|1495108134|1|0|0|0|0
30283|30283|aanvraag|nl|Dwangsom GOH|6271|1|1494318617|1498031592|1|0|0|0|0
30331|30331|aanvraag|nl|BRaVo|1844|1|1494937759|1496845990|1|0|0|0|0
30426|30426|aanvraag|nl|GOH Polis|2900|1|1496145453|1497599848|1|0|0|0|0
30433|30433|aanvraag|nl|Werkplek 2.0|8925|1|1496148735|1497599841|1|0|0|0|0
30488|30488|aanvraag|nl|Toekomstvast Inputmanagement|11910|1|1496841820|1516281487|1|0|0|0|0
30529|30529|aanvraag|nl|Project inleenadministratie IFAT omgeving|4476|1|1497877323|1502375496|1|0|0|0|0
30537|30537|aanvraag|nl|Dwangsom GOH|6271|1|1497949420|1499675488|1|0|0|0|0
30541|30541|aanvraag|nl|SI-BIT|3455|1|1497971454|1498053555|1|0|0|0|0
30606|30606|aanvraag|nl|SI-BIT|3455|1|1498642638|1499091107|1|0|0|0|0
30623|30623|aanvraag|nl|OTOD Dico Server|5855|1|1499068698|1499416546|1|0|0|0|0
30667|30667|aanvraag|nl|O omgeving voor TWNL - Linux machines|1782|1|1499679221|1500968392|1|0|0|0|0
30668|30668|aanvraag|nl|O omgeving voor TWNL - TFS machine|1782|1|1499679638|1499873034|1|0|0|0|0
30672|30672|aanvraag|nl|O omgeving voor TWNL - WEB server|1782|1|1499763484|1499867616|1|0|0|0|0
30673|30673|aanvraag|nl|SI_BIT|3455|1|1499771744|1499949580|1|0|0|0|0
30820|30820|aanvraag|nl|WTL|2900|1|1500889024|1503487633|1|0|0|0|0
30859|30859|aanvraag|nl|BBS Betalingsonmacht systeem|9505|1|1501159109|1501755100|1|0|0|0|0
30885|30885|aanvraag|nl|Vera 2e O omgeving|1782|1|1501660774|1502366726|1|0|0|0|0
30959|30959|aanvraag|nl|O omgeving voor TWNL - nieuwe OSB server|1782|1|1502195537|1502713168|1|0|0|0|0
31072|31072|aanvraag|nl|O omgeving voor TWNL - nieuwe proxy server |1782|1|1502699908|1502704460|1|0|0|0|0
31079|31079|aanvraag|nl|FIER (FIV)|1263|1|1502719012|1503920584|1|0|0|0|0
31085|31085|aanvraag|nl|API-Gateway Praktijktoets|16061|1|1502794493|1505397877|1|0|0|0|0
31125|31125|aanvraag|nl|Eures O omgeving|1782|1|1503468607|1505210047|1|0|0|0|0
31126|31126|aanvraag|nl|TFS 2017|1782|1|1503469483|1516281450|1|0|0|0|0
31210|31210|aanvraag|nl|VIOB|6738|1|1504536408|1505292087|1|0|0|0|0
31218|31218|aanvraag|nl|Polis O6|2900|1|1504617809|1505727351|1|0|0|0|0
31262|31262|aanvraag|nl|Vera 2e T omgeving|1782|1|1505130521|1505204182|1|0|0|0|0
31265|31265|aanvraag|nl|VIOB|6738|1|1505133167|1505389573|1|0|0|0|0
33000|33000|aanvraag|nl|SI_BIT|3455|1|1506521303|1507109176|1|0|0|0|0
35057|35057|aanvraag|nl|Verwebben BAS|2398|1|1507637969|1516281526|1|0|0|0|0
35072|35072|aanvraag|nl|Polis Database|2900|1|1507709080|1507725418|1|0|0|0|0
35090|35090|aanvraag|nl|TWNL|8889|1|1508153648|1508312676|1|0|0|0|0
35095|35095|aanvraag|nl|WBS|8889|1|1508157078|1509004094|1|0|0|0|0
35134|35134|aanvraag|nl|Ontwikkelomgeving APG tbv GIT|6360|1|1508488301|1509015761|1|0|0|0|0
35135|35135|aanvraag|nl|SI-BIT|3455|1|1508506349|1508843793|1|0|0|0|0
35175|35175|aanvraag|nl|Groot Onderhoud Polis+ 2017 - Ontwikkel Messaging server|7057|1|1509019926|1509533829|1|0|0|0|0
35176|35176|aanvraag|nl|Groot Onderhoud Polis+ 2017 - Ontwikkel applicatie server|7057|1|1509020239|1509626453|1|0|0|0|0
35177|35177|aanvraag|nl|BBS|9505|1|1509091170|1509537293|1|0|0|0|0
35206|35206|aanvraag|nl|Proeftuin Herontwerp WW stap 2|20383|1|1509460768|1510302756|1|0|0|0|0
35273|35273|aanvraag|nl|SI-BIT|3455|1|1510224121|1510756935|1|0|0|0|0
35280|35280|aanvraag|nl|TWNL|8889|1|1510316826|1510575461|1|0|0|0|0
35307|35307|aanvraag|nl|GOH Polis+, OTOD Polis Bron, Polis Leveren, UPA applicatieservers en Websphere MQ server|13777|1|1510746242|1512465499|1|0|0|0|0
35367|35367|aanvraag|nl|WBS TO4|8889|1|1511533437|1511880869|1|0|0|0|0
35368|35368|aanvraag|nl|WBS TO1|8889|1|1511534303|1512046121|1|0|0|0|0
35452|35452|aanvraag|nl|TWNL|8889|1|1512370997|1513592472|1|0|0|0|0
35473|35473|aanvraag|nl|Dla|2900|1|1512556872|1517924282|1|0|0|0|0
35513|35513|aanvraag|nl|WBS TO4|8889|1|1512747599|1513848981|1|0|0|0|0
35568|35568|aanvraag|nl|API GATEWAY|16061|1|1513674686|1515663437|1|0|0|0|0
35569|35569|aanvraag|nl|FLEKS|10940|1|1513679461|1515075165|1|0|0|0|0
35570|35570|aanvraag|nl|FLEKS|10940|1|1513680658|1515075135|1|0|0|0|0
35613|35613|aanvraag|nl|Bravo|7180|1|1514987429|1516274931|1|0|0|0|0
35656|35656|aanvraag|nl|Referentieomgeving Elise|8889|1|1515763618|1516100365|1|0|0|0|0
35659|35659|aanvraag|nl|Eures testomgeving|8889|1|1515765089|1516019357|1|0|0|0|0
35660|35660|aanvraag|nl|Groot Onderhoud Polis+ Windows Ontwikkel-machine|7057|1|1515766752|1516279700|1|0|0|0|0
35661|35661|aanvraag|nl|Groot Onderhoud Polis+ Windows Test-machine |7057|1|1515767137|1516101390|1|0|0|0|0
35671|35671|aanvraag|nl|Wtl ontwikkel|2900|1|1516088541|1518106495|1|0|0|0|0
35678|35678|aanvraag|nl|Jira|203|1|1516099565|1516356127|1|0|0|0|0
35682|35682|aanvraag|nl|BIT|3455|1|1516114495|1516268781|1|0|0|0|0
35737|35737|aanvraag|nl|scheiding servicebus|8889|1|1516719938|1517232173|1|0|0|0|0
35749|35749|aanvraag|nl|KVB Ontwikkel en Referentie omgeving|8889|1|1516883194|1517846528|1|0|0|0|0
35768|35768|aanvraag|nl|WBS TO1 (IDM)|8889|1|1517320418|1517407543|1|0|0|0|0
35830|35830|aanvraag|nl|BIT|3455|1|1518101784|1533026544|1|0|0|0|0
35854|35854|aanvraag|nl|SJAAK|2102|1|1518524978|1522053693|1|0|0|0|0
35862|35862|aanvraag|nl|BIT|3455|1|1518531990|1518690664|1|0|0|0|0
35895|35895|aanvraag|nl|Groot Onderhoud Portalen|20822|1|1519135871|1522227579|1|0|0|0|0
35930|35930|aanvraag|nl|TFS Pre-prod omgeving|1782|1|1519640051|1519813830|1|0|0|0|0
35947|35947|aanvraag|nl|API GATEWAYRolf Bakels|9163|1|1519739251|1520409210|1|0|0|0|0
35948|35948|aanvraag|nl|API GATEWAY|9163|1|1519742917|1520409236|1|0|0|0|0
36013|36013|aanvraag|nl|EDVbus|1782|1|1520418413|1520851447|1|0|0|0|0
36017|36017|aanvraag|nl|Verwebben BAS|2398|1|1520512986|1522922243|1|0|0|0|0
36019|36019|aanvraag|nl|TAF project|7058|1|1520599815|1521014893|1|0|0|0|0
36067|36067|aanvraag|nl|Spiegel|1782|1|1521019117|1522227541|1|0|0|0|0
36166|36166|aanvraag|nl|AOC|1844|1|1521802804|1522230635|1|0|0|0|0
36176|36176|aanvraag|nl|B&B Generieke Test Server 2016|5855|1|1522221390|1526466304|1|0|0|0|0
36202|36202|aanvraag|nl|PeopleSoft ELM|608|1|1522920307|1523451415|1|0|0|0|0
36210|36210|aanvraag|nl|scheiding servicebus|8889|1|1523000290|1524046883|1|0|0|0|0
36254|36254|aanvraag|nl|Scheiden Servicebus TO4|8889|1|1523622395|1524237394|1|0|0|0|0
36271|36271|aanvraag|nl|GOH MOM|20520|1|1524143729|1525771096|1|0|0|0|0
36272|36272|aanvraag|nl|TO1 straat EDVLP .net (TWNL)|20953|1|1524207361|1525700143|1|0|0|0|0
36471|36471|aanvraag|nl|VIOB PoC ODM|20383|1|1525877095|1526461934|1|0|0|0|0
36521|36521|aanvraag|nl|BIT|3455|1|1526548069|1527089908|1|0|0|0|0
36522|36522|aanvraag|nl|BIT|3455|1|1526548318|1527089879|1|0|0|0|0
36539|36539|aanvraag|nl|GOH MOM - T-omgeving|20520|1|1527065271|1527761573|1|0|0|0|0
36654|36654|aanvraag|nl|TET Ontwikkel Linux server|7057|1|1528101555|1528787781|1|0|0|0|0
36664|36664|aanvraag|nl|GOH CBBS - T omgeving|20520|1|1528195055|1528710799|1|0|0|0|0
36714|36714|aanvraag|nl|API Gateway|5855|1|1528800644|1533026205|1|0|0|0|0
36749|36749|aanvraag|nl|OTOD Tooling|20953|1|1528975465|1529581065|1|0|0|0|0
36750|36750|aanvraag|nl|TO-C straat EDVLP .net (TWNL)|20953|1|1528980931|1533134448|1|0|0|0|0
36773|36773|aanvraag|nl|SI Test|5855|1|1529484080|1533117967|1|0|0|0|0
36774|36774|aanvraag|nl|SI Test|5855|1|1529484263|1533211446|1|0|0|0|0
36775|36775|aanvraag|nl|SI Test|5855|1|1529484450|1533305731|1|0|0|0|0
36776|36776|aanvraag|nl|SI test|5855|1|1529484665|1533558056|1|0|0|0|0
36777|36777|aanvraag|nl|SI test|5855|1|1529484831|1533741906|1|0|0|0|0
36778|36778|aanvraag|nl|SI Test|5855|1|1529485111|1533741938|1|0|0|0|0
36779|36779|aanvraag|nl|SI Test|5855|1|1529485259|1533741982|1|0|0|0|0
36887|36887|aanvraag|nl|Rechtsorde|5880|1|1531724759|1537435238|1|0|0|0|0
36888|36888|aanvraag|nl|GOH18 Zomer|20822|1|1531816510|1533550096|1|0|0|0|0
36889|36889|aanvraag|nl|GOH18 EGV|20822|1|1531818293|1533199142|1|0|0|0|0
36905|36905|aanvraag|nl|DataFabriek ETL+|21289|1|1532006156|1542978595|1|0|0|0|0
36987|36987|aanvraag|nl|STEV|11416|1|1533284485|1534410898|1|0|0|0|0
37002|37002|aanvraag|nl|API Gateway Catalog WB|20953|1|1533294742|1534336272|1|0|0|0|0
37071|37071|aanvraag|nl|ELM (OTA Straat)|608|1|1534224965|1536588937|1|0|0|0|0
37077|37077|aanvraag|nl|GCU|7670|1|1534332564|1534516354|1|0|0|0|0
37322|37322|aanvraag|nl|BRaVo|9200|1|1537523350|1537973327|1|0|0|0|0
37323|37323|aanvraag|nl|PoC Workflow|20383|1|1537535001|1537966544|1|0|0|0|0
37329|37329|aanvraag|nl|FLEKS|10940|1|1537864530|1537959316|1|0|0|0|0
37354|37354|aanvraag|nl|Ontwikkel omgeving Digitale Dienstverlening|1773|1|1537970226|1538120871|1|0|0|0|0
37370|37370|aanvraag|nl|Proeftuin Herontwerp WW KIA|20383|1|1538128357|1538561106|1|0|0|0|0
37417|37417|aanvraag|nl|RIO Herbouw|10809|1|1538566041|1539082474|1|0|0|0|0
37437|37437|aanvraag|nl|Jenkins|1844|1|1538740609|1539168857|1|0|0|0|0
37438|37438|aanvraag|nl|SonarQube|1844|1|1538741312|1539098371|1|0|0|0|0
37439|37439|aanvraag|nl|Werkverkenner 2.0|4176|1|1538744632|1539783065|1|0|0|0|0
37501|37501|aanvraag|nl|Vera straat 3|20953|1|1539339419|1541775896|1|0|0|0|0
37509|37509|aanvraag|nl|Basisplatform app diensten|7058|1|1539600778|1539763780|1|0|0|0|0
37543|37543|aanvraag|nl|Cloud Control|20953|1|1539853384|1540299734|1|0|0|0|0
37565|37565|aanvraag|nl|werkverkenner TO|20953|1|1540298829|1542889770|1|0|0|0|0
37566|37566|aanvraag|nl|Hi Postcode server|20953|1|1540306739|1540376913|1|0|0|0|0
37582|37582|aanvraag|nl|TFS|1844|1|1540460535|1540554701|1|0|0|0|0
37583|37583|aanvraag|nl|SQL server t.b.v. TFS|1844|1|1540476172|1540567942|1|0|0|0|0
37592|37592|aanvraag|nl|Basisplatform App Diensten|7058|1|1540817396|1542275498|1|0|0|0|0
37608|37608|aanvraag|nl|AOC|1844|1|1540995325|1542275423|1|0|0|0|0
37626|37626|aanvraag|nl|Project PAS implementatie E-Afspraak bij 1e gebruiker SMZ |20731|1|1541155014|1543919143|1|0|0|0|0
37631|37631|aanvraag|nl|Process mining BC&K SMZ|23470|1|1541506370|1541592460|1|0|0|0|0
37664|37664|aanvraag|nl|K3CR|5785|1|1541758340|1543494310|1|0|0|0|0
37678|37678|aanvraag|nl|SONAR TT5|20953|1|1542362772|1544794291|1|0|0|0|0
37679|37679|aanvraag|nl|GOH SI DEV|5855|1|1542363924|1542891047|1|0|0|0|0
37680|37680|aanvraag|nl|GOH SI DEV|5855|1|1542364172|1542891006|1|0|0|0|0
37701|37701|aanvraag|nl|FLEKS|10940|1|1542965686|1543926827|1|0|0|0|0
37714|37714|aanvraag|nl|Dashboard Banenafspraak|205|1|1543232811|1543935727|1|0|0|0|0
37719|37719|aanvraag|nl|Virusscanner SI AMG OTOD|9163|1|1543317751|1543408802|1|0|0|0|0
37736|37736|aanvraag|nl|RIO|9783|1|1543484872|1543929982|1|0|0|0|0
37757|37757|aanvraag|nl|APG-GIT_20171026|11882|1|1543846274|1544438641|1|0|0|0|0
37789|37789|aanvraag|nl|GOH Zomer - OTOD 2|20822|1|1544530794|1548229390|1|0|0|0|0
37790|37790|aanvraag|nl|Polis Analyse Omgeving|23594|1|1544538621|1545918978|1|0|0|0|0
37792|37792|aanvraag|nl|GOH E-Portalen (FB OTOD)|20822|1|1544557659|1549373796|1|0|0|0|0
37831|37831|aanvraag|nl|WORK IT|20953|1|1545300686|1546955216|1|0|0|0|0
37838|37838|aanvraag|nl|EPM & UGC|8404|1|1545312409|1547474248|1|0|0|0|0
37840|37840|aanvraag|nl|E-Intake|20953|1|1545317723|1546944681|1|0|0|0|0
37895|37895|aanvraag|nl|Dagloon|23594|1|1547036971|1548848626|1|0|0|0|0
37896|37896|aanvraag|nl|BT Opleiding Server|5855|1|1547042846|1547460643|1|0|0|0|0
37897|37897|aanvraag|nl|BT Opleiding Server II|5855|1|1547043263|1547474442|1|0|0|0|0
37898|37898|aanvraag|nl|SI AMG Precision Monitoring|9163|1|1547122094|1547559480|1|0|0|0|0
37916|37916|aanvraag|nl|Ontwikkel en testomgeving Digitale werkplek|7142|1|1547638120|1548938009|1|0|0|0|0
37930|37930|aanvraag|nl|Wtl|2900|1|1548086398|1548850140|1|0|0|0|0
38113|38113|aanvraag|nl|ABS Robuust|3422|1|1549362153|1550842109|1|0|0|0|0
38136|38136|aanvraag|nl|Data Analytics voor BC&K|11416|1|1549888393|1551875201|1|0|0|0|0
38157|38157|aanvraag|nl|VIOB|10940|1|1550219789|1551702011|1|0|0|0|0
38181|38181|aanvraag|nl|TAF 2018|203|1|1550576726|1551344172|1|0|0|0|0
38192|38192|aanvraag|nl|OKL-FB-OTOD|1241|1|1551085480|1553011414|1|0|0|0|0
38197|38197|aanvraag|nl|WORK IT |20953|1|1551095912|1551875464|1|0|0|0|0
38205|38205|aanvraag|nl|AMG GW DEV|5855|1|1551108493|1551963409|1|0|0|0|0
38206|38206|aanvraag|nl|AMG PrecMon DEV|5855|1|1551108649|1552303381|1|0|0|0|0
38207|38207|aanvraag|nl|AMG Catalog|5855|1|1551108870|1552308727|1|0|0|0|0
38236|38236|aanvraag|nl|OTOD-Tooling|20953|1|1551276244|1552475322|1|0|0|0|0
38282|38282|aanvraag|nl|AUTO|28450|1|1551875813|1552404707|1|0|0|0|0
38298|38298|aanvraag|nl|GOH EAED|20520|1|1551970532|1553778450|1|0|0|0|0
38303|38303|aanvraag|nl|CIA_OTOD1|20339|1|1552059266|1554711060|1|0|0|0|0
38330|38330|aanvraag|nl|Ontwikkelstraat|28450|1|1552469212|1552489141|1|0|0|0|0
38437|38437|aanvraag|nl|TFS|28450|1|1553171095|1554711783|1|0|0|0|0
38465|38465|aanvraag|nl|KVB 1.3|20953|1|1553583117|1595925017|1|0|0|0|0
38491|38491|aanvraag|nl|Toekomstvast Input Management (TIM, Datacap)|25373|1|1553868781|1554460094|1|0|0|0|0
38557|38557|aanvraag|nl|DataFabriek ETL+ (IBM/VQD)|21289|1|1554377991|1559817334|1|0|0|0|0
38560|38560|aanvraag|nl| Sonar-EA project|20953|1|1554469561|1554816303|1|0|0|0|0
38579|38579|aanvraag|nl|HOWW Klant|20383|1|1554805127|1555598920|1|0|0|0|0
38582|38582|aanvraag|nl|HOWW klant|20383|1|1554805967|1555511782|1|0|0|0|0
38694|38694|aanvraag|nl|TFS|28450|1|1556193042|1557223646|1|0|0|0|0
38732|38732|aanvraag|nl|OTOD-Tooling|20953|1|1556615101|1557471533|1|0|0|0|0
38760|38760|aanvraag|nl|TFS|28450|1|1556885411|1557302864|1|0|0|0|0
38761|38761|aanvraag|nl|TFS|28450|1|1556885612|1557302819|1|0|0|0|0
38763|38763|aanvraag|nl|GOH DRL|20520|1|1557479431|1558360827|1|0|0|0|0
38764|38764|aanvraag|nl|Fleks|23548|1|1557744523|1558444269|1|0|0|0|0
38765|38765|aanvraag|nl|Maskeren DMAP|27978|1|1557760702|1559572428|1|0|0|0|0
38766|38766|aanvraag|nl|Groot Onderhoud OBI|23053|1|1557900836|1561011281|1|0|0|0|0
38834|38834|aanvraag|nl|E-Intake To1 en To2|20953|1|1558436889|1559565033|1|0|0|0|0
38944|38944|aanvraag|nl|TFS|28450|1|1560353499|1570087388|1|0|0|0|0
38979|38979|aanvraag|nl|VIOB|10940|1|1561633263|1562597346|1|0|0|0|0
38991|38991|aanvraag|nl|BAS|2398|1|1561645040|1562239298|1|0|0|0|0
38994|38994|aanvraag|nl|XL Deploy|4015|1|1561998047|1595925089|1|0|0|0|0
39009|39009|aanvraag|nl|OTOD: TWS GENERIEK|8541|1|1562232412|1565869379|1|0|0|0|0
39010|39010|aanvraag|nl|VIOB|10940|1|1562242572|1563362913|1|0|0|0|0
39014|39014|aanvraag|nl|BIT|3455|1|1562249304|1562601113|1|0|0|0|0
39021|39021|aanvraag|nl|TO-D straat EDVLP .net (TWNL)|20953|1|1562324127|1563544465|1|0|0|0|0
39042|39042|aanvraag|nl|CCA/SAZP|2398|1|1562665068|1563268842|1|0|0|0|0
39092|39092|aanvraag|nl|GOH Sonar IP2018|22561|1|1563356714|1565878898|1|0|0|0|0
39120|39120|aanvraag|nl|n.v.t.|26141|1|1563780645|1564475111|1|0|0|0|0
39126|39126|aanvraag|nl|GOH KAS|8404|1|1563786411|1566296374|1|0|0|0|0
39133|39133|aanvraag|nl|TFS|28450|1|1563794857|1564034051|1|0|0|0|0
39162|39162|aanvraag|nl|TFS|28450|1|1564057343|1564389968|1|0|0|0|0
39165|39165|aanvraag|nl|Groot Onderhoud SMF-Totaal|12558|1|1564114582|1566463012|1|0|0|0|0
39175|39175|aanvraag|nl|VIOB|23548|1|1564390377|1564651917|1|0|0|0|0
39228|39228|aanvraag|nl|VIOB|10940|1|1565010061|1565086849|1|0|0|0|0
39229|39229|aanvraag|nl|VIOB|10940|1|1565010191|1565093552|1|0|0|0|0
39237|39237|aanvraag|nl|PDI (PremieDIfferentiatie)|23053|1|1565091191|1568288789|1|0|0|0|0
39342|39342|aanvraag|nl|brm odm|28450|1|1566550941|1567602960|1|0|0|0|0
39343|39343|aanvraag|nl|brm odm|28450|1|1566551102|1568288066|1|0|0|0|0
39344|39344|aanvraag|nl|brm odm koa|28450|1|1566551327|1569841816|1|0|0|0|0
39345|39345|aanvraag|nl|otod windows klantexpertise|20339|1|1566583093|1570450438|1|0|0|0|0
39351|39351|aanvraag|nl|TIM|38275|1|1566907035|1568722559|1|0|0|0|0
39352|39352|aanvraag|nl|OTOD-Tooling|20953|1|1567083986|1567422783|1|0|0|0|0
39370|39370|aanvraag|nl|BIT|3455|1|1567432115|1567514025|1|0|0|0|0
39377|39377|aanvraag|nl|VIOB|10940|1|1567503445|1567601006|1|0|0|0|0
39378|39378|aanvraag|nl|VIOB|10940|1|1567503666|1567600977|1|0|0|0|0
39414|39414|aanvraag|nl|GOH E-Publiek|6208|1|1568022389|1568279485|1|0|0|0|0
39425|39425|aanvraag|nl|BIT|3455|1|1568044428|1568282933|1|0|0|0|0
39456|39456|aanvraag|nl|Polis Leveren GOH Nieuwe Ontwikkel-omgeving|7057|1|1568369167|1570094149|1|0|0|0|0
39461|39461|aanvraag|nl|GOH CDCT OTOD2|20520|1|1568377089|1570537444|1|0|0|0|0
39465|39465|aanvraag|nl|KDB-WWO|205|1|1568384703|1569238576|1|0|0|0|0
39473|39473|aanvraag|nl|GOH DRL - OTOD|20520|1|1568634118|1570192692|1|0|0|0|0
39479|39479|aanvraag|nl|Datacap|38275|1|1568728788|1569480042|1|0|0|0|0
39486|39486|aanvraag|nl|GOH EAED OTOD2|20520|1|1568803725|1570001564|1|0|0|0|0
39495|39495|aanvraag|nl|Vereenvoudiging Beslagvrije Voet|20526|1|1568898446|1569485307|1|0|0|0|0
39527|39527|aanvraag|nl|OTOD Greenfield AD|20520|1|1569245959|1595925050|1|0|0|0|0
39609|39609|aanvraag|nl|Werkverkenner straat3|20953|1|1569586131|1570002982|1|0|0|0|0
39610|39610|aanvraag|nl|Eures|20953|1|1569587044|1572340827|1|0|0|0|0
39611|39611|aanvraag|nl|HOWW|23255|1|1569587662|1570085840|1|0|0|0|0
39688|39688|aanvraag|nl|EDVLP|20953|1|1570177639|1570705622|1|0|0|0|0
39699|39699|aanvraag|nl|Groot Onderhoud SMF-Totaal|12558|1|1570426408|1570801534|1|0|0|0|0
39775|39775|aanvraag|nl|E-Werkgever|20822|1|1571205771|1574077055|1|0|0|0|0
39777|39777|aanvraag|nl|ODM|28450|1|1571214000|1571239304|1|0|0|0|0
39813|39813|aanvraag|nl|werknl External Acces server|20953|1|1571401911|1572250257|1|0|0|0|0
39816|39816|aanvraag|nl|OTOD OM Inspire Scaler|6383|1|1571646704|1572957175|1|0|0|0|0
39833|39833|aanvraag|nl|werknl Internal Acces server|20953|1|1571723125|1572250314|1|0|0|0|0
39836|39836|aanvraag|nl|E-Werkgever|20822|1|1571732870|1571896038|1|0|0|0|0
39879|39879|aanvraag|nl|Werknl straat 4|20953|1|1571995461|1572349153|1|0|0|0|0
39914|39914|aanvraag|nl|GOH E-Portalen|20822|1|1572420531|1572546429|1|0|0|0|0
39921|39921|aanvraag|nl|SONAR IP2019|20953|1|1572441495|1574071289|1|0|0|0|0
39945|39945|aanvraag|nl|Vera straat 5|20953|1|1572527718|1573130780|1|0|0|0|0
39964|39964|aanvraag|nl|Vereenvoudiging Beslagvrije Voet|20526|1|1572948055|1573143734|1|0|0|0|0
40014|40014|aanvraag|nl|Project Invlechten|20953|1|1573797621|1575909712|1|0|0|0|0
40064|40064|aanvraag|nl|Project PAS - opleidings omgeving E-Afspraak claim|20731|1|1574856591|1575638760|1|0|0|0|0
40070|40070|aanvraag|nl|ODM|28450|1|1574871852|1574940678|1|0|0|0|0
40077|40077|aanvraag|nl|KDB-WWO TKWWO_ACCENT|23255|1|1574942521|1576077010|1|0|0|0|0
40148|40148|aanvraag|nl|KVB frontend upgrade RHEL 7|20953|1|1576238065|1576586866|1|0|0|0|0
40149|40149|aanvraag|nl|VIOB|1844|1|1576421620|1595924893|1|0|0|0|0
40150|40150|aanvraag|nl|VIOB|1844|1|1576421917|1595924846|1|0|0|0|0
40151|40151|aanvraag|nl|VIOB|1844|1|1576422576|1579166507|1|0|0|0|0
40152|40152|aanvraag|nl|VIOB|1844|1|1576422830|1579166556|1|0|0|0|0
40156|40156|aanvraag|nl|Systemteam beheer|20953|1|1576493071|1579166398|1|0|0|0|0
40185|40185|aanvraag|nl|IV-Dashboard|11910|1|1576683957|1576843102|1|0|0|0|0
40292|40292|aanvraag|nl|VIOB|1225|1|1579182860|1581337122|1|0|0|0|0
40298|40298|aanvraag|nl|ODM|28450|1|1579188371|1579531269|1|0|0|0|0
40307|40307|aanvraag|nl|GOH EAED - LOMO-servers|20520|1|1579696572|1580732849|1|0|0|0|0
40314|40314|aanvraag|nl|Sonar TT5|20953|1|1579784617|1582623006|1|0|0|0|0
40351|40351|aanvraag|nl|Dashboard Banenafspraak|11910|1|1580286070|1581067438|1|0|0|0|0
40355|40355|aanvraag|nl|MOI-SMBA|28450|1|1580314312|1581348839|1|0|0|0|0
40360|40360|aanvraag|nl|Sonar TT2|20953|1|1580393524|1581436941|1|0|0|0|0
40369|40369|aanvraag|nl|TFS|28450|1|1580475373|1580968902|1|0|0|0|0
40387|40387|aanvraag|nl|Vereenvoudiging Beslagvrije Voet|20526|1|1580890730|1580909410|1|0|0|0|0
40396|40396|aanvraag|nl|Toekomstvisie en Strategie Applicatielandschap SMZ|1844|1|1580972251|1581511086|1|0|0|0|0
40450|40450|aanvraag|nl|VIOB|1225|1|1582528106|1583510985|1|0|0|0|0
40453|40453|aanvraag|nl|Sonar to2 en straat 1|20953|1|1582532227|1583329659|1|0|0|0|0
40454|40454|aanvraag|nl|Sonar TT5 (technical level 3) |20953|1|1582542856|1585156781|1|0|0|0|0
40464|40464|aanvraag|nl|VIOB|1225|1|1582798341|1583142943|1|0|0|0|0
40504|40504|aanvraag|nl|ODM|28450|1|1583250610|1583412490|1|0|0|0|0
40540|40540|aanvraag|nl|SMZ InnovateiLab-Sofie|7180|1|1583840117|1585817951|1|0|0|0|0
40600|40600|aanvraag|nl|KE_OTOD_3_Redhat70|20339|1|1585758275|1611930436|1|0|0|0|0
40615|40615|aanvraag|nl|VIOB|9783|1|1586257353|1586338818|1|0|0|0|0
40625|40625|aanvraag|nl|NOW|12343|1|1586427398|1586443189|1|0|0|0|0
40632|40632|aanvraag|nl|Datacap (TIM 2.0)|37966|1|1586444872|1586936956|1|0|0|0|0
40656|40656|aanvraag|nl|TFS|28450|1|1587112081|1587384600|1|0|0|0|0
40666|40666|aanvraag|nl|GOH DRL OTOD2|20520|1|1587814450|1590501028|1|0|0|0|0
40674|40674|aanvraag|nl|AI|28450|1|1588323775|1588336831|1|0|0|0|0
40690|40690|aanvraag|nl|Groot Onderhoud KKD|23053|1|1589196057|1591613055|1|0|0|0|0
40730|40730|aanvraag|nl|NOW|1844|1|1590747999|1591126884|1|0|0|0|0
40792|40792|aanvraag|nl|KOA HOWW|9783|1|1592217445|1592398439|1|0|0|0|0
40803|40803|aanvraag|nl|Sofie|28450|1|1592296226|1592485263|1|0|0|0|0
40836|40836|aanvraag|nl|TOV â€“ IV-Werkbedrijf|1844|1|1593602896|1594019829|1|0|0|0|0
40856|40856|aanvraag|nl|Sonar Backupserver3|20953|1|1594112809|1595843069|1|0|0|0|0
40870|40870|aanvraag|nl|WBD Java TOV|28450|1|1594282173|1594982662|1|0|0|0|0
40871|40871|aanvraag|nl|WBD Java TOV|28450|1|1594282394|1594982626|1|0|0|0|0
40907|40907|aanvraag|nl|KDB-WWO|23255|1|1594978125|1595496947|1|0|0|0|0
40909|40909|aanvraag|nl|BAW|9783|1|1595481804|1595953463|1|0|0|0|0
40917|40917|aanvraag|nl|Sofie|4015|1|1595521475|1596440026|1|0|0|0|0
40918|40918|aanvraag|nl|Vereenvoudiging Beslagvrije Voet|20526|1|1595580853|1596032151|1|0|0|0|0
40943|40943|aanvraag|nl|Sofie|7180|1|1595929770|1600416358|1|0|0|0|0
40966|40966|aanvraag|nl|ODM HOWW|9783|1|1596453359|1596534825|1|0|0|0|0
41029|41029|aanvraag|nl|TFS|53091|1|1599221610|1599640840|1|0|0|0|0
41079|41079|aanvraag|nl|Sofie Doorontwikkeling|7180|1|1600696022|1603354446|1|0|0|0|0
41106|41106|aanvraag|nl|Proof Of Value (POV) Robotic Process Automation (RPA)|1844|1|1601557303|1601909184|1|0|0|0|0
41107|41107|aanvraag|nl|Sonarqube-8.4|53091|1|1601566339|1602589620|1|0|0|0|0
41117|41117|aanvraag|nl|GOH TA|20520|1|1601638839|1603186704|1|0|0|0|0
41119|41119|aanvraag|nl|KDB-WWO|23255|1|1601884515|1606728559|1|0|0|0|0
41153|41153|aanvraag|nl|Polis Leveren Extra Ontwikkel Omgeving|7057|1|1602070610|1603190042|1|0|0|0|0
41157|41157|aanvraag|nl|E-Werken (IBM Business Automation Insights)|53097|1|1602683385|1603885957|1|0|0|0|0
41160|41160|aanvraag|nl|Buildserver|53091|1|1604064204|1604583760|1|0|0|0|0
41162|41162|aanvraag|nl|DXC: SMZ IV Optimalisatie project Realisatie ZW|7387|1|1606298576|1612428079|1|0|0|0|0
41163|41163|aanvraag|nl|Skills Ontologie CompetentNL|38012|1|1606309255|1611047365|1|0|0|0|0
41165|41165|aanvraag|nl|GOH ZAU|53100|1|1606734446|1609146586|1|0|0|0|0
41167|41167|aanvraag|nl|DXC: PoC Handhaven - GRC Control voor Risico beheersing|51586|1|1608637609|1611590272|1|0|0|0|0
41170|41170|aanvraag|nl|Generieke OAM|20953|1|1610377449|1612448136|1|0|0|0|0
41171|41171|aanvraag|nl|giv|28450|1|1610723350|1611332152|1|0|0|0|0
41172|41172|aanvraag|nl|GUP-server MIMAS-O DXC|5617|1|1611051295|1611672190|1|0|0|0|0
41173|41173|aanvraag|nl|BRM-ODM|15913|1|1611757346|1613477803|1|0|0|0|0
41178|41178|aanvraag|nl|TAF 2018|203|1|1614680094|1616407626|1|0|0|0|0
41180|41180|aanvraag|nl|ODM|9783|1|1615207775|1615823342|1|0|0|0|0
41181|41181|aanvraag|nl|Sofie Doorontwikkeling|7180|1|1615472520|1618401336|1|0|0|0|0
41184|41184|aanvraag|nl|Digitaal Arbeidsmarktadvies|28450|1|1616415499|1616509422|1|0|0|0|0
41185|41185|aanvraag|nl|Digitaal Arbeidsmarktadvies|28450|1|1616415800|1616675163|1|0|0|0|0
41186|41186|aanvraag|nl|Digitaal Arbeidsmarktadvies|28450|1|1616416011|1616509491|1|0|0|0|0
41187|41187|aanvraag|nl|Digitaal Arbeidsmarktadvies|28450|1|1616416143|1616683856|1|0|0|0|0
41188|41188|aanvraag|nl|Digitaal Arbeidsmarktadvies|28450|1|1616416274|1616688154|1|0|0|0|0
41189|41189|aanvraag|nl|GOH ODS (DXC)|20520|1|1616426231|1618907784|1|0|0|0|0
41190|41190|aanvraag|nl|Digitaal Arbeidsmarktadvies|28450|1|1617016870|1617280595|1|0|0|0|0
41191|41191|aanvraag|nl|DXC Servicedesk IV Serviceportaal hosting|8787|1|1617715171|1631017831|1|0|0|0|0
41193|41193|aanvraag|nl|PWS|28450|1|1618833480|1618838063|1|0|0|0|0
41194|41194|aanvraag|nl|GST/ADOS|53124|1|1618835654|1619185304|1|0|0|0|0
41195|41195|aanvraag|nl|GST/ADOS DXC|53124|1|1618836035|1619102288|1|0|0|0|0
41196|41196|aanvraag|nl|ADOS test/accept bij DXC|28450|1|1619165209|1620136262|1|0|0|0|0
41198|41198|aanvraag|nl|DXC-PWS|20953|1|1620030421|1620750621|1|0|0|0|0
41199|41199|aanvraag|nl|XLDeploy LAB server|7517|1|1620113289|1620663952|1|0|0|0|0
41200|41200|aanvraag|nl|DXC: EESSI|4015|1|1622132304|1622548199|1|0|0|0|0
41201|41201|aanvraag|nl|K3CR - Klantbeeld |23053|1|1622470390|1624365684|1|0|0|0|0
41202|41202|aanvraag|nl|GST/ADOS|53124|1|1622730093|1623330074|1|0|0|0|0
41203|41203|aanvraag|nl|TAF-DXC-TEST|53124|1|1622730532|1623337954|1|0|0|0|0
41204|41204|aanvraag|nl|SMZ SIO|28450|1|1623657166|1623771435|1|0|0|0|0
41205|41205|aanvraag|nl|GST/ADOS|53124|1|1623954887|1626159454|1|0|0|0|0
41207|41207|aanvraag|nl|SMZ SIO|28450|1|1624518683|1625667200|1|0|0|0|0
41208|41208|aanvraag|nl|SMZ SIO|28450|1|1624521340|1625647941|1|0|0|0|0
41210|41210|aanvraag|nl|wbd KOA|28450|1|1625220865|1625474455|1|0|0|0|0
41211|41211|aanvraag|nl|ResaFasa/WWO 2 Java|28450|1|1625221550|1626278528|1|0|0|0|0
41212|41212|aanvraag|nl|Modus GOH|13560|1|1625572237|1627562613|1|0|0|0|0
41213|41213|aanvraag|nl|BAW beheer|9783|1|1625744482|1627059791|1|0|0|0|0
41214|41214|aanvraag|nl|Bravo DXC|53124|1|1625756131|1627036530|1|0|0|0|0
41215|41215|aanvraag|nl|GOH WTL, T omgeving bij IBM|53100|1|1625757475|1629893688|1|0|0|0|0
41216|41216|aanvraag|nl|Skills_ontologie|52422|1|1626182758|1626449784|1|0|0|0|0
41217|41217|aanvraag|nl|DAMA|53124|1|1626263836|1627664890|1|0|0|0|0
41218|41218|aanvraag|nl|GOH TEF (DXC)|20520|1|1626697645|1627996264|1|0|0|0|0
41219|41219|aanvraag|nl|BAW|9783|1|1626789385|1627887791|1|0|0|0|0
41220|41220|aanvraag|nl|ATOM|53152|1|1626792233|1627999072|1|0|0|0|0
41222|41222|aanvraag|nl|Verbeteren Uitwisseling Matchingsgegevens|28450|1|1627374675|1643639100|1|0|0|0|0
41223|41223|aanvraag|nl|Bravo|28450|1|1627387540|1628600558|1|0|0|0|0
41224|41224|aanvraag|nl|Bravo|28450|1|1627388183|1628864002|1|0|0|0|0
41225|41225|aanvraag|nl|vbvv|28450|1|1627392413|1628586918|1|0|0|0|0
41226|41226|aanvraag|nl|KDBWWO|28450|1|1628507462|1628589537|1|0|0|0|0
41230|41230|aanvraag|nl|GST Github|53124|1|1630409643|1630485074|1|0|0|0|0
41231|41231|aanvraag|nl|KOA projecten WBD|28450|1|1630423830|1631189130|1|0|0|0|0
41232|41232|aanvraag|nl|GST Sonarqube 2019 DXC|53124|1|1630497957|1631199326|1|0|0|0|0
41233|41233|aanvraag|nl|KOA projecten WBD|28450|1|1630669737|1632406035|1|0|0|0|0
41234|41234|aanvraag|nl|Groot Onderhoud ModusOne|22561|1|1630682670|1631540679|1|0|0|0|0
41235|41235|aanvraag|nl|KDBWWO|53124|1|1631017201|1631178237|1|0|0|0|0
41236|41236|aanvraag|nl|DXC - Servicedesk IV Serviceportaal - hosting|9223|1|1631018493|1631179665|1|0|0|0|0
41237|41237|aanvraag|nl|DAMA Java servers|53124|1|1631022218|1632383358|1|0|0|0|0
41238|41238|aanvraag|nl|GOH WBS|20953|1|1631096701|1631781150|1|0|0|0|0
41239|41239|aanvraag|nl|GOH WBS|20953|1|1631096933|1631705073|1|0|0|0|0
41240|41240|aanvraag|nl|Groot Onderhoud Winter|23053|1|1631252053|1633696988|1|0|0|0|0
41241|41241|aanvraag|nl|RSP - Handhaving|53124|1|1631532081|1631801406|1|0|0|0|0
41242|41242|aanvraag|nl|SonarQube/ADOS 2019 DXC|53124|1|1631611658|1632469929|1|0|0|0|0
41243|41243|aanvraag|nl|RESA/FASA/WWO (OpenVMS)|53124|1|1632139528|1632751606|1|0|0|0|0
41244|41244|aanvraag|nl|DXC buildservers O/T|53124|1|1632468234|1633013006|1|0|0|0|0
41245|41245|aanvraag|nl|project E-hop|20953|1|1632486306|1634028916|1|0|0|0|0
41246|41246|aanvraag|nl|Project CGH-GD: transitie O&T en kwaliteitsmeting|53170|1|1632825577|1634028892|1|0|0|0|0
41247|41247|aanvraag|nl|AzureDevOps DB|28450|1|1633015889|1633086752|1|0|0|0|0
41249|41249|aanvraag|nl|TAF|203|1|1634280193|1634907307|1|0|0|0|0
41251|41251|aanvraag|nl|BRM-ODM|53163|1|1634557565|1634820540|1|0|0|0|0
41252|41252|aanvraag|nl|GST AzureDevOps SQL O/T|53124|1|1634567127|1634912380|1|0|0|0|0
41253|41253|aanvraag|nl|Project E-hop (T)|20953|1|1634818503|1635764113|1|0|0|0|0
41255|41255|aanvraag|nl|CGH-GD: transitie O&T - AVB-DVB|53179|1|1635248720|1635252719|1|0|0|0|0
41256|41256|aanvraag|nl|CGH-GD: transitie O&T - WTL|53179|1|1635250892|1636457145|1|0|0|0|0
41257|41257|aanvraag|nl|CGH-GD: transitie O&T - PDWW|53179|1|1635251276|1636457080|1|0|0|0|0
41258|41258|aanvraag|nl|RESA/FASA-openvms-Windows|53124|1|1635411241|1636114754|1|0|0|0|0
41259|41259|aanvraag|nl|RESA/FASA-openvms-redhat|53124|1|1635412461|1636040578|1|0|0|0|0
41260|41260|aanvraag|nl|CGH-GD: transitie O&T - PDI|53179|1|1635429255|1636637564|1|0|0|0|0
41261|41261|aanvraag|nl|Project Consolidatie database (PES)|20953|1|1636378915|1637770314|1|0|0|0|0
41262|41262|aanvraag|nl|TAF|203|1|1636634371|1636997125|1|0|0|0|0
41263|41263|aanvraag|nl|ADOS Beheer|28450|1|1637240038|1638203879|1|0|0|0|0
41264|41264|aanvraag|nl|DAMA|20953|1|1637673244|1637750383|1|0|0|0|0
41265|41265|aanvraag|nl|Project Consolidatie database (PES)|20953|1|1637683254|1639066337|1|0|0|0|0
41266|41266|aanvraag|nl|CGH-GD: transitie O&T - AVB-DVB|53179|1|1638171886|1640940477|1|0|0|0|0
41267|41267|aanvraag|nl|Project Consolidatie database (PES)|20953|1|1638179921|1638981773|1|0|0|0|0
41268|41268|aanvraag|nl|GOH WBS|20953|1|1638462716|1638958796|1|0|0|0|0
41269|41269|aanvraag|nl|VeDat AVB/DVB|53170|1|1638551632|1641232277|1|0|0|0|0
41270|41270|aanvraag|nl|CGH-GD: transitie O&T - KBS|53179|1|1638797420|1640600124|1|0|0|0|0
41271|41271|aanvraag|nl|CGH-GD: transitie O&T - Agifall Buildserver|53179|1|1638867132|1642433639|1|0|0|0|0
41272|41272|aanvraag|nl|CGH-GD: transitie O&T - Ontwikkelwerkplek WTL PDWW|53179|1|1638961785|1639580405|1|0|0|0|0
41273|41273|aanvraag|nl|HOF|10940|1|1639132820|1640708733|1|0|0|0|0
41274|41274|aanvraag|nl|HOF|10940|1|1639133071|1640708708|1|0|0|0|0
41275|41275|aanvraag|nl|CGH-GD: transitie O&T - Testwerkplek UPA|53179|1|1639580615|1642060253|1|0|0|0|0
41276|41276|aanvraag|nl|Project Consolidatie database (PES)|20953|1|1639726494|1645093005|1|0|0|0|0
41277|41277|aanvraag|nl|CGH-GD: transitie O&T - ODS|53179|1|1640082777|1642179960|1|0|0|0|0
41278|41278|aanvraag|nl|CGH-GD: transitie O&T - UGC EPM|53179|1|1640247221|1642089418|1|0|0|0|0
41279|41279|aanvraag|nl|GOH POLIS (DXC)|20520|1|1640259365|1646129569|1|0|0|0|0
41280|41280|aanvraag|nl|GOH EURES|20953|1|1640276829|1642674213|1|0|0|0|0
41281|41281|aanvraag|nl|DAU|28450|1|1641552264|1642523364|1|0|0|0|0
41282|41282|aanvraag|nl|VeDaT PDI|53170|1|1642007425|1645516527|1|0|0|0|0
41283|41283|aanvraag|nl|OPB-BAW (OPB-BAW-POC)|53128|1|1642081666|1644920385|1|0|0|0|0
41284|41284|aanvraag|nl|GOH WBS|20953|1|1643106232|1643286056|1|0|0|0|0
41285|41285|aanvraag|nl|Partner CV API (PCA)|20953|1|1643288352|1644920913|1|0|0|0|0
41286|41286|aanvraag|nl|ADOS pool|28450|1|1643296055|1645195638|1|0|0|0|0
41287|41287|aanvraag|nl|AzureDevOps|28450|1|1643365613|1644936351|1|0|0|0|0
41288|41288|aanvraag|nl|Resa Fasa|28450|1|1643384242|1644494615|1|0|0|0|0
41289|41289|aanvraag|nl|DAU|28450|1|1643618311|1644829908|1|0|0|0|0
41290|41290|aanvraag|nl|UiPath RPA Implementatie|53200|1|1643634526|1644933451|1|0|0|0|0
41291|41291|aanvraag|nl|Oracle Enterprise Manager test server|7057|1|1644493212|1645024264|1|0|0|0|0
41292|41292|aanvraag|nl|WSUS|20953|1|1644833146|1644935868|1|0|0|0|0
41293|41293|aanvraag|nl|Backup NFS Share|20953|1|1644913096|1646065103|1|0|0|0|0
41294|41294|aanvraag|nl|RSP Handhaving|53166|1|1645539800|1647867972|1|0|0|0|0
41295|41295|aanvraag|nl|VeDaT Datacap|52646|1|1645716841|1646319157|1|0|0|0|0
41296|41296|aanvraag|nl|Project E-hop |20953|1|1645720743|1646994211|1|0|0|0|0
41297|41297|aanvraag|nl|RESAFASA|28450|1|1645969575|1646656636|1|0|0|0|0
41298|41298|aanvraag|nl|CGH-GD: transitie O&T - Polis Bronnen|53179|1|1646053142|1646656795|1|0|0|0|0
41299|41299|aanvraag|nl|CGH-GD: transitie O&T - UPA|53179|1|1646053878|1646654338|1|0|0|0|0
41300|41300|aanvraag|nl|VeDaT PDI|53170|1|1646134221|1646406400|1|0|0|0|0
41301|41301|aanvraag|nl|GST|28450|1|1646308973|1646994166|1|0|0|0|0
41302|41302|aanvraag|nl|RSP Handhaving 2|53166|1|1646334575|1647601075|1|0|0|0|0
41303|41303|aanvraag|nl|DAMA|20953|1|1646754696|1646923343|1|0|0|0|0
41304|41304|aanvraag|nl|CGH-GD: transitie O&T - PDI Database Server|53179|1|1647334561|1647545794|1|0|0|0|0
41305|41305|aanvraag|nl|VeDaT GCU|53132|1|1647425175|1647964452|1|0|0|0|0
41306|41306|aanvraag|nl|VeDaT Fleks|53132|1|1647434592|1647854335|1|0|0|0|0
41307|41307|aanvraag|nl|TestComplete|203|1|1647506693|1647959672|1|0|0|0|0
41308|41308|aanvraag|nl|CBBS|10519|1|1647615726|1648021221|1|0|0|0|0
41309|41309|aanvraag|nl|RESA_FASA|28450|1|1647618067|1647965675|1|0|0|0|0
41310|41310|aanvraag|nl|UiPath Insights|53200|1|1647863482|1649080234|1|0|0|0|0
41311|41311|aanvraag|nl|CGH-GD: transitie O&T - Polis werkplek|53179|1|1648028443|1648212020|1|0|0|0|0
41312|41312|aanvraag|nl|AzureDevOps|28450|1|1648139519|1648623508|1|0|0|0|0
41313|41313|aanvraag|nl|Project Consolidatie database (PES)|20953|1|1648721326|1648725186|1|0|0|0|0
41314|41314|aanvraag|nl|IBEL O OTod- Zomer Omgeving|53216|1|1648731352|1649078630|1|0|0|0|0
41315|41315|aanvraag|nl|IBEL O-OTOD EGV|53209|1|1648732494|1648734103|1|0|0|0|0
41316|41316|aanvraag|nl|OTOD ONTW Spiegel continuiteit 2022 ev|20731|1|1649234420|1649234420|1|0|0|0|0
